﻿ID,NAME,DESC,IMAGE_FILE,PRICE
1,Produkt 1,Aktualisierte Beschreibung für Produkt 1,product1.jpg,1.00
2,Produkt 2,Aktualisierte Beschreibung für Produkt 2,product2.jpg,2.00
3,Produkt 3,Aktualisierte Beschreibung für Produkt 3,product3.jpg,3.00
4,Produkt 4,Aktualisierte Beschreibung für Produkt 4,product1.jpg,1.01
5,Produkt 5,Aktualisierte Beschreibung für Produkt 5,product2.jpg,2.01
6,Produkt 6,Aktualisierte Beschreibung für Produkt 6,product3.jpg,3.01
7,Produkt 7,Aktualisierte Beschreibung für Produkt 7,product1.jpg,1.02
8,Produkt 8,Aktualisierte Beschreibung für Produkt 8,product2.jpg,2.02
9,Produkt 9,Aktualisierte Beschreibung für Produkt 9,product3.jpg,3.02
10,Produkt 10,Aktualisierte Beschreibung für Produkt 10,product1.jpg,1.03
11,Produkt 11,Aktualisierte Beschreibung für Produkt 11,product2.jpg,2.03
12,Produkt 12,Aktualisierte Beschreibung für Produkt 12,product3.jpg,3.03
13,Produkt 13,Aktualisierte Beschreibung für Produkt 13,product1.jpg,1.04
14,Produkt 14,Aktualisierte Beschreibung für Produkt 14,product2.jpg,2.04
15,Produkt 15,Aktualisierte Beschreibung für Produkt 15,product3.jpg,3.04
16,Produkt 16,Aktualisierte Beschreibung für Produkt 16,product1.jpg,1.05
17,Produkt 17,Aktualisierte Beschreibung für Produkt 17,product2.jpg,2.05
18,Produkt 18,Aktualisierte Beschreibung für Produkt 18,product3.jpg,3.05
19,Produkt 19,Aktualisierte Beschreibung für Produkt 19,product1.jpg,1.06
20,Produkt 20,Aktualisierte Beschreibung für Produkt 20,product2.jpg,2.06
21,Produkt 21,Aktualisierte Beschreibung für Produkt 21,product3.jpg,3.06
22,Produkt 22,Aktualisierte Beschreibung für Produkt 22,product1.jpg,1.07
23,Produkt 23,Aktualisierte Beschreibung für Produkt 23,product2.jpg,2.07
24,Produkt 24,Aktualisierte Beschreibung für Produkt 24,product3.jpg,3.07
25,Produkt 25,Aktualisierte Beschreibung für Produkt 25,product1.jpg,1.08
26,Produkt 26,Aktualisierte Beschreibung für Produkt 26,product2.jpg,2.08
27,Produkt 27,Aktualisierte Beschreibung für Produkt 27,product3.jpg,3.08
28,Produkt 28,Aktualisierte Beschreibung für Produkt 28,product1.jpg,1.09
29,Produkt 29,Aktualisierte Beschreibung für Produkt 29,product2.jpg,2.09
30,Produkt 30,Aktualisierte Beschreibung für Produkt 30,product3.jpg,3.09
31,Produkt 31,Aktualisierte Beschreibung für Produkt 31,product1.jpg,1.10
32,Produkt 32,Aktualisierte Beschreibung für Produkt 32,product2.jpg,2.10
33,Produkt 33,Aktualisierte Beschreibung für Produkt 33,product3.jpg,3.10
34,Produkt 34,Aktualisierte Beschreibung für Produkt 34,product1.jpg,1.11
35,Produkt 35,Aktualisierte Beschreibung für Produkt 35,product2.jpg,2.11
36,Produkt 36,Aktualisierte Beschreibung für Produkt 36,product3.jpg,3.11
37,Produkt 37,Aktualisierte Beschreibung für Produkt 37,product1.jpg,1.12
38,Produkt 38,Aktualisierte Beschreibung für Produkt 38,product2.jpg,2.12
39,Produkt 39,Aktualisierte Beschreibung für Produkt 39,product3.jpg,3.12
40,Produkt 40,Aktualisierte Beschreibung für Produkt 40,product1.jpg,1.13
41,Produkt 41,Aktualisierte Beschreibung für Produkt 41,product2.jpg,2.13
42,Produkt 42,Aktualisierte Beschreibung für Produkt 42,product3.jpg,3.13
43,Produkt 43,Aktualisierte Beschreibung für Produkt 43,product1.jpg,1.14
44,Produkt 44,Aktualisierte Beschreibung für Produkt 44,product2.jpg,2.14
45,Produkt 45,Aktualisierte Beschreibung für Produkt 45,product3.jpg,3.14
46,Produkt 46,Aktualisierte Beschreibung für Produkt 46,product1.jpg,1.15
47,Produkt 47,Aktualisierte Beschreibung für Produkt 47,product2.jpg,2.15
48,Produkt 48,Aktualisierte Beschreibung für Produkt 48,product3.jpg,3.15
49,Produkt 49,Aktualisierte Beschreibung für Produkt 49,product1.jpg,1.16
50,Produkt 50,Aktualisierte Beschreibung für Produkt 50,product2.jpg,2.16
